name,email,gender,phone
Celina,ctossell0@123-reg.co.uk,Polygender,3653221719
Rodrique,rboom1@blogger.com,Polygender,7202592387
Bernie,bwalklett2@usgs.gov,Polygender,3085634529
Jaclin,jkeyme3@macromedia.com,Non-binary,2961752003
Beth,bblacker4@vistaprint.com,Genderfluid,8291579645
Noreen,nwatt5@prlog.org,Agender,8708208855
Janel,jchucks6@joomla.org,Female,6409497772
Gennifer,gspatarul7@google.com.br,Male,6958773305
Brennan,brestieaux8@mashable.com,Genderfluid,9584884812
Billi,bbrothers9@microsoft.com,Genderqueer,7073179416
Robb,rkistinga@joomla.org,Female,4128336213
Noelyn,nlloydwilliamsb@princeton.edu,Genderqueer,9977386022
Isahella,ihaylandsc@sourceforge.net,Genderfluid,5717333556
Karleen,klindselld@ucsd.edu,Agender,5557688665
Sigfried,sortzene@howstuffworks.com,Female,1264559968
Madelena,mpolesf@cnbc.com,Male,9209571144
Asia,agreenmang@xrea.com,Genderfluid,3738722455
Alf,aebunoluwah@blog.com,Non-binary,3861587256
Krystyna,kbotleyi@gmpg.org,Bigender,6247392967
Pippy,pkynndj@imdb.com,Genderfluid,6197099646
Rosamund,rlopek@merriam-webster.com,Genderqueer,3445557449
Lowell,lgarnsworthl@webs.com,Genderqueer,5329123929
Andrei,amaddrellm@chicagotribune.com,Genderqueer,4605128066
Kally,kshakesbyen@marketwatch.com,Bigender,4797787408
Chrystel,cdowseyo@t.co,Polygender,7477342392
Alvin,acrummyp@flickr.com,Male,7797872732
Averyl,afliggq@independent.co.uk,Genderqueer,7719682593
Jori,jmilesopr@patch.com,Polygender,7727271164
Madelon,mspareys@mail.ru,Male,2262337308
Karie,kweavingt@booking.com,Genderfluid,2655693891
Myron,mmcmechanu@taobao.com,Agender,5712054865
Rivi,rphilipsenv@sohu.com,Polygender,8916133178
Bev,bbiggadykew@adobe.com,Agender,6768748224
Jody,jrichfordx@g.co,Agender,5382767595
Boris,bjerdony@accuweather.com,Male,8122695145
Dina,dfirbankz@comsenz.com,Agender,6458599205
Veronica,vgronav10@google.nl,Genderfluid,2692746954
Renaud,rmorey11@networkadvertising.org,Genderfluid,4877931272
Blythe,bmowling12@tripod.com,Female,9784009118
Swen,shandes13@statcounter.com,Genderfluid,7034106739
Bernadene,bhaverty14@spotify.com,Non-binary,5049181171
Dante,dmelpuss15@gmpg.org,Polygender,9353598913
Merrili,mivanchov16@shareasale.com,Genderfluid,5867785306
Melitta,mthame17@eventbrite.com,Agender,1933168444
Athene,aturvey18@aol.com,Agender,1769229581
Oona,ofissenden19@hubpages.com,Polygender,1583189140
Norah,npryce1a@skyrock.com,Agender,1786482485
Allen,aserris1b@java.com,Genderfluid,5168541056
Rhianna,rglenister1c@mediafire.com,Polygender,1049017481
Christyna,cbourdas1d@trellian.com,Bigender,2299502344
Rockie,rpawlata1e@netlog.com,Male,4006826694
Barbie,batyea1f@biblegateway.com,Non-binary,4804771564
Charmain,cferronier1g@privacy.gov.au,Female,5658591542
Vicky,vpandya1h@yahoo.com,Genderfluid,4337558142
Bertina,bcapstaff1i@google.com.br,Bigender,3519084928
Jereme,jgronow1j@jimdo.com,Bigender,8274276630
Kissie,khavesides1k@bing.com,Bigender,5914719965
Richie,rlegassick1l@soundcloud.com,Genderqueer,9236503309
Aeriell,asoltan1m@businessinsider.com,Polygender,9262465065
Ingmar,iescalante1n@ca.gov,Female,9759525932
Claudine,clagrange1o@vk.com,Bigender,3121288161
Caz,cinett1p@who.int,Agender,5539240108
Shea,sklimsch1q@wix.com,Female,1143554471
Minda,mbelvin1r@unc.edu,Genderqueer,3028337236
Kellyann,klebrum1s@domainmarket.com,Non-binary,8276629000
Staffard,ssteckings1t@quantcast.com,Female,1789553143
Kinnie,kemanuele1u@privacy.gov.au,Non-binary,9367277881
Willis,wbartomeu1v@nsw.gov.au,Bigender,9324490565
Avrit,ahoodspeth1w@umn.edu,Genderfluid,9408024450
Reynolds,rrodie1x@people.com.cn,Non-binary,5236334584
Calley,cknocker1y@hibu.com,Genderqueer,9687997269
Kessia,ksweeney1z@free.fr,Polygender,1084600615
Eugenia,eberick20@nhs.uk,Genderfluid,5576361898
Basilio,bstandidge21@sciencedirect.com,Female,2362976207
Leisha,lwayper22@eventbrite.com,Agender,2436143290
Ofelia,omarder23@webnode.com,Agender,5586225712
Bat,bbinge24@rambler.ru,Bigender,6342819478
Laurence,lwoodroofe25@blinklist.com,Female,4086576845
Faydra,fbayley26@tmall.com,Genderqueer,6844220406
Florencia,fbennell27@mapy.cz,Genderqueer,8375938323
Robinia,rcarde28@plala.or.jp,Bigender,7197756448
Mirelle,mswait29@about.com,Non-binary,4351710691
Gretel,gbehninck2a@mac.com,Genderfluid,8623961103
Traver,tkarim2b@wiley.com,Non-binary,7424071953
Wynn,witzkowicz2c@ted.com,Genderqueer,9751592200
Katya,kraffon2d@360.cn,Female,5529909447
Ezechiel,eedgler2e@ezinearticles.com,Male,9954425232
Onida,ostubbins2f@gov.uk,Bigender,9783582158
Briana,bblazdell2g@wikimedia.org,Non-binary,4091220673
Whitney,wmilan2h@icq.com,Bigender,1582649476
Wit,wchanner2i@npr.org,Genderqueer,4363923895
Jonathan,jhyne2j@mapquest.com,Bigender,6385888757
Toiboid,tvivyan2k@washingtonpost.com,Male,3505446561
Lyndy,lsurmon2l@flickr.com,Genderfluid,4189648192
Reagen,rdawidowsky2m@shop-pro.jp,Polygender,3568104001
Ferdie,fquinsee2n@edublogs.org,Genderqueer,2207995810
Hercule,hwanjek2o@seesaa.net,Agender,8091850284
Kimball,kgoody2p@boston.com,Non-binary,2331882684
Dalis,dhurt2q@ucla.edu,Polygender,4747987387
Ivor,iraubheim2r@cargocollective.com,Non-binary,1861883939
Vernon,vogready2s@shareasale.com,Non-binary,9654712532
Carolann,cshambrook2t@jigsy.com,Genderqueer,2318800021
Charley,clethebridge2u@soundcloud.com,Bigender,5288092083
Britni,bspittle2v@devhub.com,Agender,1208681920
Hilly,hruprechter2w@xrea.com,Agender,2154474079
Lamar,lwilber2x@comcast.net,Bigender,6587539448
Harmony,hfurney2y@state.tx.us,Non-binary,3698666481
Jolyn,jmatuska2z@marriott.com,Genderqueer,2849221894
Dru,dlockless30@ucsd.edu,Polygender,4527645817
Rae,rhaw31@reference.com,Non-binary,3078085363
Starla,soke32@tiny.cc,Genderfluid,3175707393
Melessa,mstockdale33@whitehouse.gov,Genderqueer,3534806299
Micheal,mchiles34@163.com,Genderqueer,6648969716
Cassius,crobilliard35@usda.gov,Female,8973926378
Dawn,dhodgon36@shareasale.com,Non-binary,7711406608
Dave,dockleshaw37@ca.gov,Polygender,4447062615
Sherwynd,sledrun38@admin.ch,Male,8523026819
Lorette,lcumpsty39@cbslocal.com,Female,5908087130
Clerissa,cmethuen3a@blogger.com,Agender,3297007874
Moira,msteutly3b@ucla.edu,Agender,9366730994
Trev,tconn3c@yandex.ru,Agender,1468557990
Suellen,ssandeland3d@cpanel.net,Male,7301182672
Mahala,mfilippone3e@elegantthemes.com,Agender,6493972624
Patsy,pgerhts3f@friendfeed.com,Female,2509418658
Olwen,ocundey3g@dagondesign.com,Non-binary,7157968669
Wynny,wipgrave3h@theatlantic.com,Polygender,4175465696
Stevie,sfricker3i@miibeian.gov.cn,Genderqueer,6973904065
Mackenzie,mhowlett3j@cnn.com,Polygender,6822970267
Alwyn,agoscomb3k@google.cn,Male,6458827634
Tiphanie,tsevitt3l@bloglines.com,Agender,9437222811
Carry,cthorlby3m@globo.com,Female,6842165327
Muffin,mkarpenya3n@dion.ne.jp,Non-binary,7109768851
Elliott,estorcke3o@sitemeter.com,Non-binary,2704132383
Avis,apetford3p@vistaprint.com,Genderqueer,2746492015
Barbara,bkindleysides3q@techcrunch.com,Bigender,8282139962
Tiffani,ttaffee3r@simplemachines.org,Genderqueer,4632513007
Joline,jfairall3s@harvard.edu,Genderqueer,1239783848
Renee,rjedrysik3t@geocities.com,Genderfluid,3741600444
Konstantin,kmalarkey3u@columbia.edu,Genderfluid,4739690346
Fabian,fkeave3v@exblog.jp,Female,8315094742
Dorris,dpile3w@free.fr,Non-binary,5685583345
Dalia,ddowman3x@cam.ac.uk,Agender,7678259102
Emmaline,emagovern3y@who.int,Polygender,2411232328
Bone,bshalloo3z@dailymail.co.uk,Agender,8461246285
Lorin,lbexon40@prnewswire.com,Genderfluid,6362152105
Jo,jnaptin41@phpbb.com,Non-binary,6416171485
Briano,bnewiss42@bizjournals.com,Bigender,9684497698
Adams,acesco43@phpbb.com,Polygender,8539975621
Benedicto,blindop44@indiatimes.com,Polygender,1694793870
Patti,pprue45@miibeian.gov.cn,Genderqueer,6857186982
Honor,hbarrus46@newsvine.com,Bigender,2311904230
Valdemar,vsouthon47@rakuten.co.jp,Female,4599609511
Gherardo,gmilby48@squidoo.com,Female,7439194728
Maurene,mdenham49@china.com.cn,Genderqueer,1203468110
Nicol,nleband4a@moonfruit.com,Male,4396923722
Eustacia,egoretti4b@globo.com,Male,5159870270
Irvine,iknell4c@indiegogo.com,Male,6262434078
Silvano,sscocroft4d@miibeian.gov.cn,Male,9867747060
Fairleigh,fcookney4e@hubpages.com,Agender,4719689233
Trista,thowell4f@tripadvisor.com,Genderfluid,3021747468
Mandy,mcoumbe4g@harvard.edu,Non-binary,2032411135
Tallia,tredfern4h@ucla.edu,Genderfluid,9316329172
Cazzie,cdaens4i@paypal.com,Bigender,3099239229
Nelia,npenhalurick4j@businessinsider.com,Agender,1746434314
Priscilla,ptolley4k@parallels.com,Genderqueer,6419788740
Camile,ckeller4l@apple.com,Agender,2952991153
Sammy,shast4m@prlog.org,Male,5582978531
Juline,jrodgerson4n@instagram.com,Non-binary,9128348434
Ruby,rmccrisken4o@vkontakte.ru,Agender,8677457349
Asa,abissatt4p@unicef.org,Male,5081782388
Lionello,lmobberley4q@google.com,Non-binary,1922321282
Eleen,ewhatford4r@parallels.com,Polygender,7785565149
Corny,cphittiplace4s@time.com,Non-binary,8766524301
Onofredo,osussems4t@engadget.com,Genderqueer,1944978983
Richard,ryeates4u@vistaprint.com,Female,8777283887
Michale,mrate4v@lulu.com,Bigender,5024357169
Ximenez,xwoolfenden4w@ocn.ne.jp,Female,3183812686
Loutitia,ltatham4x@fc2.com,Genderqueer,7414081520
Wayne,wamner4y@elegantthemes.com,Genderqueer,6281882929
Sibylle,sspearman4z@google.pl,Female,8232149455
Jan,jdudney50@google.es,Male,8774772849
Camellia,crobic51@independent.co.uk,Non-binary,7594430805
Christian,cwaterson52@economist.com,Bigender,9305132392
Steffi,smeakes53@privacy.gov.au,Agender,1357615238
Cindy,cmaric54@craigslist.org,Agender,4597103707
Gina,gpickover55@blinklist.com,Genderqueer,6801441931
Owen,okrollmann56@addthis.com,Non-binary,7144444027
Cthrine,cheaslip57@examiner.com,Genderfluid,5033491888
Lewes,lbon58@china.com.cn,Genderfluid,2716358347
Lynn,lmoorwood59@ucoz.com,Non-binary,7716833794
Bibbie,blummis5a@wiley.com,Bigender,6874203473
Kippy,kianniello5b@webnode.com,Female,7762864547
Pansie,psenecaut5c@usnews.com,Genderfluid,9755058685
Keri,kbroxholme5d@deviantart.com,Genderqueer,9478264879
Elspeth,emactrusty5e@hc360.com,Genderfluid,1871487818
Yardley,ywallace5f@ehow.com,Non-binary,2146901147
Gisele,gbrunone5g@nasa.gov,Agender,8655346548
Matilda,mflute5h@paypal.com,Male,6751443703
Adelaida,aricardot5i@imdb.com,Genderqueer,8794265811
Bette-ann,bstarrs5j@tmall.com,Agender,4703879925
Fonz,ftadlow5k@timesonline.co.uk,Female,9218818550
Darrelle,dmacgray5l@angelfire.com,Agender,3391677360
Evelyn,epaudin5m@deviantart.com,Bigender,2513662111
Marlee,mkirdsch5n@youtube.com,Non-binary,8182815786
Tiffie,tdunnico5o@telegraph.co.uk,Non-binary,8909780699
Chancey,cwhitmore5p@salon.com,Female,8319680594
Ardyth,aumpleby5q@ameblo.jp,Female,4988538258
Lisha,lmcnutt5r@feedburner.com,Male,9197858813
Elvera,egrubey5s@ed.gov,Genderqueer,7898296035
Kylen,kcasbourne5t@huffingtonpost.com,Male,4112239710
Shell,scausley5u@chron.com,Bigender,1966347039
Debbie,dhandrik5v@creativecommons.org,Female,5993347053
Benji,bgavrieli5w@springer.com,Agender,5193417654
Boigie,bgrocock5x@hubpages.com,Polygender,5585688179
Bridget,bfoley5y@ycombinator.com,Genderfluid,6529881369
Gerta,gschumacher5z@fastcompany.com,Female,7635344122
Zachariah,zdicken60@homestead.com,Bigender,4124249157
Lurette,linstrell61@yolasite.com,Non-binary,4788994092
Drew,ddelos62@tripadvisor.com,Non-binary,6743589634
Carilyn,csolomonides63@ebay.co.uk,Polygender,7486360128
Murial,muttridge64@cloudflare.com,Agender,8677772526
Rick,rdelayglesia65@photobucket.com,Bigender,5463246106
Nanny,nmorrid66@elpais.com,Genderfluid,7247630390
Adrianne,aalthrop67@businessweek.com,Bigender,9473258466
Cosette,cfransemai68@wikia.com,Genderfluid,5055398281
Emlyn,ebellew69@un.org,Female,8529915274
Corrinne,cscutchings6a@example.com,Male,4448598628
Nonie,nmocher6b@drupal.org,Genderfluid,2794938118
Humbert,hchaves6c@dailymail.co.uk,Agender,6521097669
Frederica,fbearns6d@virginia.edu,Female,1061053526
Thurston,tleppington6e@google.com.au,Agender,6991076112
Vitia,vcicculi6f@cdbaby.com,Genderqueer,3183243296
Padgett,ppotte6g@opensource.org,Genderfluid,3447981107
Janina,jdelahunt6h@cbslocal.com,Genderfluid,7163038123
Carlie,cmaccaig6i@whitehouse.gov,Genderqueer,1481485971
Veriee,vcoppledike6j@so-net.ne.jp,Bigender,6719432742
Prentice,pbeckhurst6k@networkadvertising.org,Genderfluid,1833820030
Celle,chedley6l@simplemachines.org,Genderqueer,6851690355
Averil,awhatling6m@netscape.com,Polygender,5816959950
Hadlee,hrobiot6n@deviantart.com,Agender,2939532500
Renell,rimpy6o@foxnews.com,Male,9245429939
Vale,vcodi6p@army.mil,Non-binary,9174128617
Harmony,hfollen6q@ameblo.jp,Genderqueer,4791486582
Sergeant,scryer6r@123-reg.co.uk,Genderqueer,7791471017
Karoline,kfarbrace6s@uiuc.edu,Genderfluid,4283042786
Kacy,kglinde6t@vistaprint.com,Male,9142370117
Kakalina,kdebeneditti6u@myspace.com,Bigender,1062956293
Eadith,emcroberts6v@cargocollective.com,Female,5766682139
Alfy,afinlan6w@hostgator.com,Genderfluid,5427722987
Dale,darnfield6x@google.ru,Bigender,4709354806
Camey,cbreckon6y@seesaa.net,Non-binary,5731584908
Matthaeus,mstaner6z@ucsd.edu,Genderfluid,9456634754
Mick,momeara70@cnbc.com,Bigender,5145318711
Sherm,sheadings71@cocolog-nifty.com,Genderfluid,5267044438
Kelsey,kmclagain72@admin.ch,Female,6888340447
Sigfrid,smeagh73@yelp.com,Male,2128654825
Charmane,csanten74@ftc.gov,Female,6411858393
Towney,treeder75@weebly.com,Non-binary,7405058261
Sophronia,sbrailsford76@csmonitor.com,Genderfluid,5262008593
Elwira,edriffe77@mapy.cz,Polygender,8883094341
Roarke,ralltimes78@slashdot.org,Non-binary,7165487599
Pincas,pockenden79@marketwatch.com,Female,7649428945
Pearce,pmccreery7a@github.com,Male,9662287779
Laney,ldrissell7b@whitehouse.gov,Bigender,9185638537
Bunny,bborthram7c@unicef.org,Non-binary,8698978524
Ingelbert,iteresa7d@webeden.co.uk,Non-binary,4857471436
Tanney,ttelega7e@biglobe.ne.jp,Agender,8529641280
Emmey,estoyell7f@wired.com,Female,5298507658
Syman,sarthur7g@cdc.gov,Genderqueer,3264647882
Isis,ifriman7h@reverbnation.com,Bigender,3711157710
Iggie,irosenfelt7i@zdnet.com,Non-binary,4774507379
Lee,lroylance7j@marketwatch.com,Agender,2725865851
Marice,mvignaux7k@scientificamerican.com,Non-binary,7447057789
Denise,dtraut7l@meetup.com,Agender,3375098865
Noe,nocurran7m@telegraph.co.uk,Polygender,5015200720
Roldan,rhowlin7n@europa.eu,Polygender,2459310101
Arlina,ahaskey7o@furl.net,Polygender,2012811016
Wilhelmine,whabberjam7p@nsw.gov.au,Female,4807402706
Pauly,pinworth7q@china.com.cn,Genderqueer,1511210462
Lonee,leltringham7r@jugem.jp,Polygender,3141963007
Bobby,bislip7s@cnn.com,Polygender,2211026909
Chadd,cthompson7t@earthlink.net,Non-binary,4184098053
Olwen,owhitehall7u@furl.net,Non-binary,2129801194
Sim,slegrice7v@vkontakte.ru,Genderfluid,4492134038
Gene,gruggen7w@deviantart.com,Polygender,8709606725
Sonia,smalia7x@t.co,Female,1281262274
Elizabeth,ekittel7y@army.mil,Non-binary,9756601199
Alisa,alindborg7z@hc360.com,Agender,6474858877
Jo,jvignaux80@bloomberg.com,Genderfluid,1252005190
Janina,jvandermerwe81@symantec.com,Agender,5998775969
Hephzibah,holivera82@hud.gov,Bigender,6686663935
Carlie,cwiltshaw83@usatoday.com,Male,3485658104
Eustacia,elovelace84@kickstarter.com,Male,9762453794
Waverly,wcyson85@amazonaws.com,Genderqueer,4213187729
Ronald,rtreadgear86@mozilla.com,Bigender,4437179752
Jeanne,jditch87@spotify.com,Polygender,2301263929
Hortensia,hbredbury88@tmall.com,Female,5917864549
Merridie,mredmile89@flickr.com,Genderfluid,7273573964
Renae,rpattisson8a@cam.ac.uk,Genderqueer,9653365472
Barclay,bdurrance8b@liveinternet.ru,Non-binary,1315313832
Christal,cmcnulty8c@mozilla.com,Male,7497485947
Genevra,gwestern8d@sohu.com,Non-binary,3859457077
Sarita,skoppelmann8e@jimdo.com,Female,2637476562
Felipe,fwhittlesea8f@utexas.edu,Genderqueer,1926177890
Toinette,tmoreman8g@webmd.com,Genderfluid,1201037135
Paton,pthunnercliffe8h@ox.ac.uk,Agender,8112244069
Luisa,lbarz8i@furl.net,Polygender,5099554617
Crawford,cbrailsford8j@diigo.com,Agender,3971752050
Jeanette,jgoble8k@4shared.com,Non-binary,6154584120
Jackson,jphilbin8l@histats.com,Female,7048438922
Wald,wheaselgrave8m@toplist.cz,Female,9053992919
Lorie,llamble8n@apache.org,Non-binary,2804500653
Benedick,bodooley8o@123-reg.co.uk,Bigender,8259656644
Talyah,terrowe8p@symantec.com,Polygender,8092850050
Garrot,ggiovannelli8q@feedburner.com,Agender,6785804036
Kali,ktustin8r@netscape.com,Non-binary,4496152373
Dorolisa,djakubiak8s@eepurl.com,Agender,7126620429
Seward,sskyppe8t@digg.com,Agender,9717014580
Humfried,hburburough8u@cnet.com,Agender,1202535227
Terrye,tpackington8v@indiatimes.com,Agender,2247581888
Boycie,bsutehall8w@ovh.net,Genderqueer,9703059982
Agathe,aolekhov8x@dyndns.org,Agender,3585970969
Vivia,vleddie8y@dyndns.org,Genderqueer,6763009851
Hinda,hfreathy8z@pinterest.com,Male,7585308118
Beatrice,bpovah90@1688.com,Non-binary,4774888455
Evangelin,eolunny91@latimes.com,Genderfluid,7799501664
Gale,gmaior92@bbc.co.uk,Genderqueer,3634150924
Raul,reubank93@cornell.edu,Non-binary,8063941320
Billi,blabin94@un.org,Bigender,4138851738
Merv,mmcanulty95@elpais.com,Agender,7581431313
Pete,pyeeles96@twitpic.com,Genderfluid,6918124334
Humfrid,hiveagh97@free.fr,Genderqueer,9016814358
Devinne,dbalf98@mashable.com,Non-binary,1182798517
Winnie,wpetruska99@webmd.com,Male,7636371127
Chrysa,ctroop9a@independent.co.uk,Male,9954102892
Kass,krawnsley9b@nps.gov,Female,4836000797
Ferguson,fyarwood9c@weather.com,Polygender,2308146197
Lynnet,lfosdick9d@mail.ru,Male,7896870566
Murdock,msemens9e@gov.uk,Agender,6634990398
Vida,vdunstone9f@i2i.jp,Agender,4042234617
Sheilakathryn,spoley9g@wired.com,Genderfluid,6135760781
Kerby,kfylan9h@tumblr.com,Female,9008004533
Dannie,ddugue9i@oakley.com,Female,7464660553
Morton,mgrichukhin9j@google.pl,Agender,4731212391
Sallyanne,spearne9k@hc360.com,Non-binary,7848982479
Gunilla,grandlesome9l@godaddy.com,Genderqueer,6397645929
Dunn,dpickthall9m@sakura.ne.jp,Male,7452102537
Jessamine,jwhittaker9n@wunderground.com,Polygender,9778119755
Heindrick,hkrikorian9o@tinypic.com,Bigender,6681746644
Melva,mkave9p@yahoo.com,Bigender,8532261805
Bruis,bkerwick9q@imgur.com,Female,4173021480
Kelcy,kbecks9r@tinypic.com,Agender,1948838884
Rob,rgamon9s@tiny.cc,Polygender,4968163650
Rina,rdumigan9t@plala.or.jp,Genderqueer,7878908913
Victor,vstendell9u@nba.com,Female,5812526249
Alla,adeath9v@economist.com,Male,1258109154
Eirena,elivezey9w@auda.org.au,Genderfluid,8581690912
Minnnie,mshaw9x@abc.net.au,Bigender,1798917014
Laurie,ltombleson9y@ucoz.ru,Bigender,2633156940
Drew,dtuff9z@friendfeed.com,Genderqueer,9914309162
Sande,slundbecka0@moonfruit.com,Polygender,5386802226
Shirleen,sgricksa1@usgs.gov,Genderqueer,7562087927
Cart,cibbisona2@nature.com,Male,4863266249
Tandy,tbeanea3@rakuten.co.jp,Female,1354235381
Shay,sburta4@lycos.com,Genderqueer,4656440322
Matthus,mcorrisona5@disqus.com,Genderfluid,7404701924
Tiphani,tharmestona6@columbia.edu,Bigender,9841950792
Stacy,skornalika7@mozilla.org,Male,3981193449
Ardyce,acastrilloa8@eventbrite.com,Genderqueer,2627620586
Terry,tbassetta9@cdc.gov,Agender,6723583230
Pierson,pkiwitzaa@google.ca,Non-binary,4857398009
Elmo,eechelleab@phoca.cz,Female,3353887120
Lydia,lmenaulac@hexun.com,Polygender,5507958303
Bink,bdenajeraad@godaddy.com,Male,2837804704
Tamra,tcoupeae@wikipedia.org,Agender,5389198024
Rodger,rnertneyaf@go.com,Bigender,9401525848
Cedric,cbagnalag@princeton.edu,Female,1233566523
Carmel,cbracciah@chicagotribune.com,Male,4508008775
Madlin,mdroganai@ameblo.jp,Polygender,7935061241
Tessy,tfeldmannaj@google.cn,Non-binary,4123224491
Arin,aantushevak@pbs.org,Agender,7301394206
Rosmunda,rcrosskillal@arizona.edu,Polygender,7752874166
Elijah,ecoweyam@upenn.edu,Non-binary,8082205572
Aleece,asawersan@topsy.com,Polygender,2396855353
Florinda,ffahrenbachao@cpanel.net,Non-binary,1139107516
Carny,cjillardap@ning.com,Female,5461398513
Ulysses,ugavrielliaq@wunderground.com,Male,4396882773
Herculie,hpepysar@theatlantic.com,Non-binary,3115930544
Jens,jayliffas@pcworld.com,Male,7198896965
Daphna,dbestwerthickat@dot.gov,Female,5967924758
Georges,gdeehanau@instagram.com,Polygender,2741610337
Sheryl,sdykaav@bigcartel.com,Bigender,9928189076
Nessie,nperoaw@phoca.cz,Polygender,7017289874
Tobe,tmccarryax@blogtalkradio.com,Non-binary,8523576545
Lenka,lflattay@abc.net.au,Male,1562647227
Conant,cbardaz@army.mil,Bigender,6392041660
Simone,sdebiaggib0@aboutads.info,Genderqueer,5601440289
Roger,rthyerb1@altervista.org,Agender,1951707149
Malvin,meldinb2@wired.com,Bigender,4295840194
Nady,npoundfordb3@loc.gov,Bigender,6761063910
Toma,tbillboroughb4@imgur.com,Male,9038724075
Sam,scotterrillb5@oakley.com,Female,3547154825
Marabel,mmeadwayb6@cyberchimps.com,Agender,3685320383
Rafaellle,rlambertib7@ow.ly,Genderqueer,8263192454
Coretta,cmaytomb8@mac.com,Genderqueer,5141213670
Ingaberg,igallb9@time.com,Polygender,1932880769
Katey,kbarrellba@irs.gov,Genderqueer,8424487800
Ruben,rleflemingbb@g.co,Female,5457529294
Marcy,mcraskebc@reference.com,Polygender,4672278536
Libbey,ljansbd@canalblog.com,Polygender,5105792392
Gabbi,ghawkswoodbe@disqus.com,Female,4612698578
Fredelia,flovelacebf@buzzfeed.com,Genderqueer,7782538473
Randy,rfarlambebg@webnode.com,Male,4182832082
Charlton,clehucquetbh@eepurl.com,Male,8524157188
Vi,vdanielsbi@icio.us,Polygender,8248272513
Yvon,ylagdebj@berkeley.edu,Genderfluid,7741599842
Lauraine,lsolomonidesbk@blogs.com,Male,9356065915
Willa,wcrisallbl@ustream.tv,Female,3773365142
Jany,jbuttlebm@cam.ac.uk,Male,2204473930
Coralyn,cvanarsdallbn@cyberchimps.com,Female,6155962511
Esme,eravenscrofttbo@mashable.com,Polygender,8092509357
Laurella,lhannumbp@wikispaces.com,Bigender,1545239741
Hymie,hdunkleybq@mtv.com,Genderfluid,6789700208
Jeannie,jberriganbr@ustream.tv,Female,3699928321
Branden,bkyngebs@wufoo.com,Non-binary,7305919248
Aloisia,atwelvetreebt@who.int,Male,5348974890
Filbert,fgoundrillbu@nsw.gov.au,Genderqueer,8749295388
Jaclin,jvolontebv@pagesperso-orange.fr,Genderfluid,2178951692
Rey,rwardebw@bbb.org,Genderqueer,9726780132
Esme,emacelroybx@ted.com,Genderfluid,4097333122
Lula,ljahnby@sourceforge.net,Agender,8261330734
Trace,tjamiesonbz@tripadvisor.com,Male,2747666947
Kalli,kheimannc0@psu.edu,Polygender,7243888299
Raeann,rhegartyc1@yahoo.co.jp,Non-binary,4001613393
Lin,lbaroschc2@economist.com,Non-binary,4154936071
Venus,vhalvosenc3@godaddy.com,Genderfluid,2096588953
Codee,csichardtc4@princeton.edu,Polygender,4718774199
Ware,wdinesc5@digg.com,Male,7741808294
Artemis,awillacotc6@cbslocal.com,Male,9456185940
Jessica,jpiggensc7@admin.ch,Female,6678436640
Adan,abeddisc8@zdnet.com,Genderqueer,2605113385
Anny,akristufekc9@springer.com,Female,4116031421
Elissa,ecallacherca@businesswire.com,Genderqueer,7178165297
Neale,ncanascb@photobucket.com,Male,4417692173
Dale,ddelaundecc@archive.org,Genderfluid,4446412720
Forrest,fiacovolocd@ucla.edu,Female,2305270994
Quentin,qlangthornce@earthlink.net,Male,6954422796
Deloria,dperlecf@ow.ly,Male,6872649956
Marillin,mcurriecg@sitemeter.com,Male,1512452458
Jinny,jdevannych@t-online.de,Genderqueer,7674734962
Danni,dkonertci@bing.com,Genderqueer,8424592137
Denyse,devittcj@etsy.com,Bigender,7554326196
Fanni,fbarkasck@drupal.org,Agender,2157688054
Sylas,spillmancl@over-blog.com,Polygender,6359302377
Tallou,tekkelcm@is.gd,Female,3975568008
Evaleen,ewhitelycn@bigcartel.com,Bigender,3106842932
Pepito,pmatyukonco@nature.com,Bigender,8912938341
Katine,kstanboroughcp@guardian.co.uk,Genderqueer,1846304030
Alleyn,aaddymancq@theguardian.com,Polygender,7073017517
Eugenio,ematejcr@nydailynews.com,Female,8115646669
Andrey,akillingworthcs@who.int,Female,7803783022
Krishnah,kcoggingsct@barnesandnoble.com,Genderfluid,6892787434
Salvador,smurdencu@nbcnews.com,Agender,4693700616
Alistair,aryamcv@thetimes.co.uk,Agender,6468699368
Donnie,dlehrahancw@digg.com,Male,4629450177
Shermie,skintishcx@usatoday.com,Female,5877779343
Stacy,sblincoecy@delicious.com,Genderfluid,8337252961
Lucien,lmudlecz@devhub.com,Male,6775526821
Sean,scogzelld0@npr.org,Female,1712343904
Roxie,rparcellsd1@elegantthemes.com,Agender,5246838842
Fayette,fcairneyd2@geocities.com,Genderfluid,3019623486
Joby,jcouped3@accuweather.com,Genderqueer,5028741444
Stacia,sriccod4@e-recht24.de,Genderfluid,2035095322
Ker,kospellisseyd5@google.com.hk,Agender,7138474056
Heida,hbuntaind6@hubpages.com,Genderqueer,9122388341
Christos,colivellid7@answers.com,Agender,8849934535
Korey,kbartkiewiczd8@spotify.com,Agender,4332679246
Roselia,rpethickd9@technorati.com,Polygender,3699030127
Andy,achurchlowda@github.com,Female,5429667659
Sanders,szavattieridb@photobucket.com,Male,2309011700
Xenos,xziemedc@ftc.gov,Female,6217098199
Emile,epiddockedd@cornell.edu,Genderfluid,4963265387
Bear,bdagostinode@oracle.com,Female,7522514011
Kimball,kallchindf@time.com,Genderfluid,7815604009
Esra,eminchindendg@dailymail.co.uk,Genderfluid,5565458439
Fran,fmacleoddh@wordpress.com,Agender,5791713815
Cristionna,cvassanodi@yale.edu,Agender,7291565968
Ethan,edivinedj@yolasite.com,Male,8261817231
Nancy,narchboulddk@netscape.com,Genderfluid,7833733233
Shane,skennetdl@rakuten.co.jp,Non-binary,5483261855
Gan,gdumphydm@multiply.com,Non-binary,2227407597
Leanna,loldakerdn@nydailynews.com,Female,9207555806
Jo-ann,jfookesdo@wikipedia.org,Female,3264104290
Astrid,aespasadp@wikispaces.com,Genderfluid,8853716846
Amalee,agothrupdq@globo.com,Polygender,1879846381
Odessa,omacgeedr@zimbio.com,Agender,5956087895
Silas,sfalkinderds@nymag.com,Bigender,9302005288
Beatrisa,bcameliadt@google.fr,Genderfluid,6439441110
Ash,aarundeldu@vinaora.com,Agender,8951323934
Dorita,dgarrowdv@google.com.hk,Genderfluid,2809561789
Maggy,mjacqueminotdw@cdbaby.com,Agender,4973156197
Andra,acattelldx@taobao.com,Non-binary,4838872917
Trip,tcrebody@webeden.co.uk,Female,7574045486
Bryon,bjacobssendz@google.pl,Bigender,4308255502
Lebbie,landrusove0@baidu.com,Genderfluid,7367784295
Darci,dcallingtone1@tmall.com,Agender,9522289310
Dietrich,dmeccoe2@java.com,Genderqueer,1963512821
Edmund,eluckhame3@squarespace.com,Non-binary,9372968113
Jackson,jvautree4@booking.com,Male,4355583548
Lydie,landrzeje5@engadget.com,Agender,7963570722
Catie,cstoakse6@msu.edu,Bigender,1618055368
Leilah,lrevellee7@vkontakte.ru,Bigender,8988397090
Wendi,wcattenache8@mashable.com,Female,9094403880
Clevey,cdenerleye9@economist.com,Non-binary,6445459437
Evelyn,ereynishea@prnewswire.com,Non-binary,2496575341
Steffane,sashbeeb@aol.com,Female,4326522543
Patton,phoofeec@boston.com,Male,1943883022
Elisha,elandered@surveymonkey.com,Genderqueer,9185829736
Marten,mmarwoodee@webnode.com,Agender,5587219279
Anabella,amckeneyef@ibm.com,Female,6412423744
Kakalina,ktissingtoneg@wsj.com,Male,9496939915
Boote,bhayhoweh@sina.com.cn,Non-binary,3639046534
Barbra,bpipkinei@wikipedia.org,Female,2945760059
Giustino,gfucherej@cocolog-nifty.com,Genderfluid,9701781754
Dre,dchargeek@gnu.org,Agender,7041312256
Catlin,chunnel@wsj.com,Genderfluid,8393656464
Sayre,smagnusem@pcworld.com,Polygender,1262810913
Jilli,jjarmaineen@vistaprint.com,Agender,7497544822
Misty,mkeeleo@yellowpages.com,Male,5452687601
Lira,lstanistreteep@deviantart.com,Bigender,6602535793
Piotr,pfoukxeq@taobao.com,Non-binary,1493599165
Rhody,rmackeagueer@miibeian.gov.cn,Male,4132109734
Clareta,cmazzeies@nbcnews.com,Agender,4806565645
Haroun,hpatterset@washingtonpost.com,Genderfluid,5195992564
George,gbrailsfordeu@fastcompany.com,Non-binary,6153722054
Elisabet,ewartonev@freewebs.com,Genderqueer,8771902073
Fremont,fbrinsonew@hud.gov,Agender,8503404736
Cobby,chaconex@google.de,Polygender,2637536883
Yvon,yspreadey@xinhuanet.com,Female,7904142364
Sabina,sbeachez@plala.or.jp,Female,4157540611
Lesly,lcockshottf0@tinyurl.com,Bigender,4506595208
Marcelo,mivashintsovf1@livejournal.com,Non-binary,7655842343
Kinny,kdacostaf2@is.gd,Female,4667798888
Fleur,fnyef3@google.co.uk,Polygender,7571293531
Shawn,scrippenf4@prlog.org,Genderqueer,8549616088
Ulrica,ubowsf5@ucsd.edu,Polygender,6938403414
Frasco,fpowdrellf6@timesonline.co.uk,Polygender,6706862165
Ivie,iwalakf7@shinystat.com,Female,3305780196
Waylon,wcroixf8@weibo.com,Genderqueer,4359892624
Joni,jbrufordf9@51.la,Non-binary,6133803288
Amandy,alockeryfa@mayoclinic.com,Female,5471244909
Clim,cbearblockfb@usgs.gov,Male,8308552827
Loralee,ltebbsfc@dyndns.org,Genderfluid,8309626270
Candace,ccleminshawfd@blogspot.com,Agender,2889751129
Roderigo,rliquorishfe@hubpages.com,Genderfluid,1343880924
Leonanie,lleadbeaterff@indiatimes.com,Male,7004605092
Betti,bmoscropfg@cocolog-nifty.com,Bigender,6734420390
Tobe,tbradyfh@boston.com,Polygender,4633932075
Alleyn,acuxonfi@berkeley.edu,Genderfluid,2343346928
Anthe,amoncreifffj@ifeng.com,Genderfluid,9521970717
Gardiner,gcornelyfk@purevolume.com,Male,5262001167
Bevin,bfilipputtifl@topsy.com,Female,4914907656
Merle,mgoslinfm@about.com,Genderqueer,7475003768
Juliette,jstevensonfn@cmu.edu,Polygender,8397155885
Vergil,vheersemafo@nifty.com,Genderfluid,3445777013
Marysa,mkeelerfp@nbcnews.com,Female,2803217510
Jarred,jriedelfq@joomla.org,Non-binary,9781488881
Willabella,wdulantyfr@simplemachines.org,Genderqueer,7629770934
Gretna,gdoddemeadefs@utexas.edu,Non-binary,2929098324
Kin,kreynerft@hhs.gov,Genderfluid,8826375865
Genia,gassenderfu@oaic.gov.au,Male,6703073902
Constanta,csuggettfv@so-net.ne.jp,Agender,9902094673
Jonathon,jamayafw@forbes.com,Male,4941853942
Nealson,nginityfx@eventbrite.com,Agender,1132674403
Flinn,fceelyfy@quantcast.com,Bigender,4908265698
Ara,aduiguidfz@kickstarter.com,Non-binary,1709371523
Luella,lrushmang0@omniture.com,Male,5679533028
Jewel,jbelsherg1@wisc.edu,Genderqueer,4229946812
Rawley,rhaveling2@howstuffworks.com,Genderqueer,9757110979
Thayne,tsutehallg3@hhs.gov,Agender,6869969668
Carline,cstempg4@webmd.com,Non-binary,9742661511
Quill,qsinnockg5@statcounter.com,Female,9021608671
Sergent,scordeyg6@nba.com,Genderqueer,3015797629
Dorothee,dderobertog7@slate.com,Genderqueer,1018662128
Lilah,lcowlishawg8@gnu.org,Non-binary,2828623092
Genevra,ggreenroddg9@friendfeed.com,Bigender,8355832977
Jenine,jmacavddyga@google.com.hk,Genderqueer,6703553908
Brad,bwaterhousgb@amazon.com,Polygender,4781194620
Clarinda,cgockelergc@blogs.com,Polygender,4205683795
Patty,pclifftgd@tinypic.com,Agender,3582764841
Ashley,agrutege@sfgate.com,Female,7838136300
Herb,hportmangf@skype.com,Female,5405130415
Ambur,afoygg@cam.ac.uk,Bigender,4507120328
Daisi,djordingh@nhs.uk,Bigender,2128298807
Conchita,cdowneygi@liveinternet.ru,Genderfluid,5212775291
Barb,bdykinsgj@imdb.com,Agender,4609831687
Candra,cmccarlichgk@webmd.com,Genderqueer,6931743617
Maryanne,mpiertongl@cam.ac.uk,Agender,9706855169
Gaspard,gtoolangm@jalbum.net,Polygender,9168694104
Seumas,slutwidgegn@imgur.com,Non-binary,3912997459
Margo,mnewlinggo@wikimedia.org,Male,7115375728
Hyatt,hverrickgp@cdbaby.com,Agender,2907064350
Fay,fsutterfieldgq@eventbrite.com,Genderqueer,4404721210
Shannen,sexcellgr@t-online.de,Agender,6808689831
Rochette,rcumberledgegs@google.es,Male,5952659875
Townsend,thyamgt@theatlantic.com,Bigender,1141345611
Clementius,cdeyesgu@myspace.com,Bigender,4108023450
Sheri,smcnicklegv@reuters.com,Female,7203554506
Sigismund,smarushakgw@aol.com,Female,6383081020
Chiquita,cgillbardgx@addthis.com,Bigender,3383376214
Gordan,gcorroyergy@creativecommons.org,Genderfluid,3161724143
Loutitia,lsleighgz@cyberchimps.com,Agender,5514180703
Mill,mthompsonh0@omniture.com,Polygender,8715088167
Tab,thareh1@seattletimes.com,Agender,6522371229
Tobi,tplaisterh2@reddit.com,Female,1037913331
Mackenzie,mcaulcutth3@businesswire.com,Agender,5979480594
Esdras,eskellsh4@indiegogo.com,Genderqueer,8512551677
Lloyd,lmontroseh5@apache.org,Female,1421373682
Stormie,sperelh6@gov.uk,Polygender,6442203461
Kassie,kdebowh7@mtv.com,Male,3939984829
Miles,mshrubsallh8@stanford.edu,Female,9777652596
Crissie,cbernardonh9@canalblog.com,Genderqueer,4958258097
Auroora,abroomha@pen.io,Polygender,3822578255
De witt,dantonichhb@t.co,Agender,2127452191
Gabey,gosipovhc@irs.gov,Male,2326429903
Rayshell,rmitchelmorehd@cloudflare.com,Agender,1644680945
Darsey,dmulhallhe@godaddy.com,Female,2794815865
Lesly,lpetyakovhf@fda.gov,Male,7364384192
Anallise,awoollinhg@shutterfly.com,Bigender,7033827855
Dorian,dmcdoualhh@blogspot.com,Agender,4803692189
Jermain,jsiddeleyhi@businessweek.com,Genderfluid,4447546339
Lolly,lweatherheadhj@huffingtonpost.com,Genderfluid,7214447157
Leandra,lmaplethorphk@amazon.com,Polygender,4829551140
Winny,wcloverhl@ucoz.com,Genderfluid,8643822626
Delaney,dbrendishhm@quantcast.com,Non-binary,7783178931
Gratia,gvinahn@ustream.tv,Male,9626349004
Mattheus,mtruslerho@goo.ne.jp,Polygender,3321682319
Tadd,tgolsonhp@ovh.net,Genderfluid,9774539186
Ashlan,amacksteadhq@unblog.fr,Non-binary,7108589495
Morgana,mscheffelhr@hud.gov,Male,4936891611
Lucas,lhorleyhs@cnbc.com,Genderqueer,4118007054
Ruth,rtrowelht@indiegogo.com,Agender,4379576362
Jackson,jandreevhu@netlog.com,Bigender,8316921114
Dahlia,dloidlhv@chron.com,Agender,3813918803
Morly,mwillacothw@smugmug.com,Male,3301186251
Josey,jbummfreyhx@wunderground.com,Genderfluid,5307885600
Jamey,jventonhy@dailymail.co.uk,Female,8347633526
Kaine,ktuillerhz@issuu.com,Female,1856876054
Flori,fvandecappellei0@g.co,Non-binary,2597828730
Flora,ftulipi1@devhub.com,Female,1824413229
Kin,kbagniuki2@businessinsider.com,Genderfluid,7178337859
Godard,glutheri3@guardian.co.uk,Non-binary,2011879935
Garnet,gmorphewi4@addtoany.com,Genderfluid,1132118118
Tabby,tledamuni5@army.mil,Bigender,7239968526
Hew,hlouysi6@bing.com,Male,5779720008
Elva,ehugueti7@privacy.gov.au,Non-binary,6884598652
Jacqui,jdraycotti8@vinaora.com,Agender,9967729901
Madonna,mrobensi9@adobe.com,Bigender,4027747429
Beatriz,bhaleyia@nhs.uk,Polygender,5558375129
Natty,nglackinib@posterous.com,Female,1131705893
Modesty,mcreedic@cnet.com,Polygender,8842978066
Otis,obaptieid@indiegogo.com,Female,4832955099
Shannon,smacfadzeanie@google.co.uk,Genderqueer,4581278120
Vanessa,vguerroif@sciencedaily.com,Female,2201426900
Winifield,whandyig@alibaba.com,Agender,1952502355
Clevey,cmycockih@redcross.org,Polygender,7564277682
Nalani,ngavinii@usda.gov,Female,2264589753
Francoise,fpallaskeij@hibu.com,Female,7833367595
Veda,vvayneik@eventbrite.com,Female,7455596123
Marley,mbonaviail@ovh.net,Male,9493222249
Morry,mgrosvenorim@opera.com,Agender,7093286413
Madelene,mdowsein@tiny.cc,Male,3868757413
Emily,ekidbyio@hibu.com,Polygender,1603835591
Baillie,bbakhrushkinip@phoca.cz,Female,9555176565
Giffy,gkaganiq@elpais.com,Female,6822005446
Emmye,eswaddleir@1und1.de,Female,5351857586
Karrie,kstriplingis@webmd.com,Agender,3105631458
Reese,rneumannit@e-recht24.de,Agender,3761834925
Abby,apruvostiu@printfriendly.com,Female,5097511195
Gregoire,gwannelliv@ucoz.ru,Agender,2521054442
Alia,amcgiffiniw@ebay.co.uk,Genderqueer,3994590309
Ebonee,epischelix@sciencedirect.com,Male,4092763178
Berty,bbearwardiy@goo.ne.jp,Bigender,4867061260
Dalli,dallumiz@ning.com,Agender,9146342699
Terza,tcrummayj0@a8.net,Male,3829872011
Welby,wconryj1@sogou.com,Female,4768043976
Phyllida,pdewsnapj2@google.es,Bigender,4116828583
Jodi,jmcallenj3@reverbnation.com,Polygender,3121152092
Sophia,swaggj4@samsung.com,Genderqueer,1937014865
Ariela,ateasdalej5@dot.gov,Genderqueer,1243184503
Gypsy,gleithgoej6@sina.com.cn,Polygender,1504828749
Bellanca,bstanburyj7@scribd.com,Male,5646596717
Laurie,lbowlerj8@sogou.com,Male,4632440911
Dolley,dcaulderj9@pbs.org,Female,6729704473
Paula,pferrinija@topsy.com,Male,5999592492
Jamima,jcalanjb@discuz.net,Agender,8719375953
Adlai,aimlochjc@ihg.com,Male,4664403347
De,dbromwichjd@mlb.com,Genderqueer,1079256811
Nanine,ntreleaseje@blinklist.com,Male,3954453146
Ernest,emcblainjf@ezinearticles.com,Male,2793003787
Robbi,rhartleburyjg@pinterest.com,Genderfluid,7451112109
Sharl,squaifjh@issuu.com,Male,9254677655
Greta,ggoveji@artisteer.com,Polygender,7661914542
Dorris,delsmorejj@addthis.com,Female,3333304060
Jobi,jburchessjk@tinyurl.com,Agender,8433123861
Chandler,cgingedalejl@prlog.org,Polygender,5186403176
Aymer,aferruccijm@prnewswire.com,Bigender,8323143390
Merill,mdennistounjn@globo.com,Male,6071225591
Babbette,batherjo@prlog.org,Polygender,5993883343
Othelia,ogantlettjp@sourceforge.net,Male,2752419643
Nevsa,nrattenberiejq@spiegel.de,Non-binary,4952503255
Quincey,qchappellejr@quantcast.com,Non-binary,1814229831
Moll,mbaldingjs@ucsd.edu,Agender,5344935325
Justen,jbuckwelljt@geocities.jp,Genderqueer,1453670431
Marnie,mdavisonju@tamu.edu,Polygender,6076620334
Harli,hsmalmanjv@globo.com,Male,7303846713
Ruprecht,rcrowcumjw@fda.gov,Polygender,8917363971
Deny,dbagotjx@adobe.com,Male,2131122460
Von,voliveirajy@mail.ru,Bigender,1178929742
Blancha,broistonejz@desdev.cn,Bigender,4796037630
Padraic,pjuszkiewiczk0@dyndns.org,Genderqueer,8427697045
Ayn,apoplek1@sciencedirect.com,Male,8171319478
Sylvan,scriagk2@mysql.com,Male,2754379850
Torr,tlongegak3@china.com.cn,Male,1773809937
Kaiser,kscatchark4@plala.or.jp,Genderqueer,6993898698
Elwira,epeeryk5@prnewswire.com,Genderfluid,8274213483
Ed,estickfordk6@altervista.org,Bigender,7479272219
Dev,dhedditehk7@jalbum.net,Agender,1784657174
Gabriello,grabbattsk8@plala.or.jp,Non-binary,6256492907
Ermin,eteasdalek9@who.int,Male,8298416717
Rebecka,rhuscroftka@woothemes.com,Genderfluid,9888285540
Friedrick,fgiannikb@ameblo.jp,Bigender,2428655947
Marena,mslopierkc@vinaora.com,Female,6902262168
Damian,dreahkd@nymag.com,Non-binary,1209394956
Belicia,bmacallanke@csmonitor.com,Non-binary,8525301421
Danya,dgassonkf@prnewswire.com,Bigender,6731319124
Lois,lrykertkg@nyu.edu,Female,3535544881
Ilene,iickowiczkh@t.co,Bigender,5695111367
Gilberta,gwanklinki@over-blog.com,Bigender,3664160202
Jeanna,jcatonnekj@sourceforge.net,Non-binary,9223655717
Dion,divasyushkinkk@comcast.net,Bigender,8946221860
Broderic,bnattrisskl@tmall.com,Agender,9766707823
Guilbert,gfeatherskm@4shared.com,Agender,1255528374
Cobb,clethbrigkn@wikipedia.org,Genderfluid,7121615524
Belinda,bhazardko@meetup.com,Female,4323344134
Cayla,cmathevonkp@biblegateway.com,Male,8486357218
Zackariah,zottawellkq@sakura.ne.jp,Non-binary,7208586148
Adrienne,awymerkr@chronoengine.com,Female,9372172581
Jordan,jfennersks@so-net.ne.jp,Genderqueer,4202375140
Cherida,cgoddingkt@ed.gov,Male,2222835403
Binni,bchamleyku@is.gd,Female,2005536075
Abbe,awilsteadkv@sitemeter.com,Male,1703821222
Merla,mwinbornkw@virginia.edu,Polygender,3654119117
Oona,oalbasinikx@technorati.com,Bigender,6466870790
Karina,kbusainky@ca.gov,Bigender,4632012675
Ashlee,ayakobovitzkz@eepurl.com,Agender,2019857576
Calypso,chathawayl0@seattletimes.com,Male,4631122440
Aggi,aaldinel1@wikia.com,Male,8766366156
Ardis,anewportl2@intel.com,Genderqueer,5172854682
Zonnya,zaldhaml3@webnode.com,Polygender,3094732911
Happy,hdayesl4@skype.com,Genderfluid,6221643995
Iris,iwytchardl5@shutterfly.com,Polygender,3033720708
Trista,tkeijserl6@ted.com,Bigender,2721918999
Agata,aeadmeadesl7@zdnet.com,Agender,7177516682
Brita,bcaudelll8@jigsy.com,Female,3182711059
Monte,mhathornl9@sakura.ne.jp,Male,1048808474
Gay,gingramla@liveinternet.ru,Non-binary,8394102821
Mora,mnehlslb@utexas.edu,Genderfluid,5511064694
Rosina,rcolquhounlc@feedburner.com,Agender,9061166981
Maurizio,mtaitld@google.es,Genderqueer,1456135539
Ben,bcosbeele@github.io,Male,2487903774
Ernst,egowrylf@xinhuanet.com,Bigender,6949286671
Xymenes,xpostilllg@yellowbook.com,Female,9051461633
Merilee,marnisonlh@biglobe.ne.jp,Male,8194050305
Bent,bcattrollli@google.de,Genderqueer,7337203432
Derron,dletsonlj@domainmarket.com,Non-binary,5691485096
Griffith,gkilmartinlk@loc.gov,Male,4166474557
Godard,gangelll@photobucket.com,Genderfluid,9252205647
Reuven,rschruyerslm@yandex.ru,Female,4486284009
Bevan,bsymcockln@twitpic.com,Male,4385817967
Kaiser,kjervoiselo@about.com,Non-binary,4992586556
Paulina,pgladstonelp@mapquest.com,Genderfluid,7333313643
Harwilll,heliassonlq@sbwire.com,Male,8242824061
Kitty,khuxsterlr@digg.com,Agender,1035210164
Helyn,hdesouzals@istockphoto.com,Bigender,1961210276
Tania,tcauderlielt@cbslocal.com,Bigender,3737357434
Fredek,fmatusovlu@examiner.com,Genderfluid,4994705485
Zacharie,zmagrannelllv@qq.com,Non-binary,2888238362
Novelia,nbatylw@globo.com,Bigender,9893852466
Mercie,mcianellilx@hatena.ne.jp,Agender,9987761965
Wilmar,wfranyly@uol.com.br,Bigender,7667320041
Mano,mcathraelz@skype.com,Female,1682153870
Stan,slambillionm0@ftc.gov,Non-binary,5613994227
Kerry,kbruslem1@census.gov,Genderqueer,6856002211
Muire,mbidwellm2@slate.com,Bigender,9801314366
Kippy,kperksm3@yellowpages.com,Agender,8202403837
Dyane,daleshkovm4@facebook.com,Genderfluid,2626737869
Peyter,pburnandm5@accuweather.com,Genderqueer,1079758563
Salvidor,sgreevesonm6@behance.net,Polygender,4143421845
Jaime,jblackallerm7@bloglovin.com,Genderfluid,6625681004
Anselma,audym8@sogou.com,Non-binary,3157495503
Quincey,qbaxterm9@rediff.com,Male,2866379698
Yolanda,ygrenshielsma@booking.com,Bigender,7981437519
Barb,bchaddertonmb@icio.us,Genderfluid,3953604269
Wilfrid,wgagenmc@networkadvertising.org,Non-binary,1982024373
Jaquenette,jdelacourtmd@chron.com,Genderqueer,5212065404
Eberhard,elarensonme@usda.gov,Genderqueer,2057887436
Aharon,amckeeversmf@thetimes.co.uk,Agender,8511181780
Dirk,dwaplemg@hao123.com,Female,5831801371
Zebulon,znewlandsmh@patch.com,Male,5581725896
Wolf,wbaggemi@salon.com,Bigender,8083163079
Cathrin,cliberomj@usgs.gov,Male,9937024087
Priscella,prickeardmk@i2i.jp,Genderqueer,1454416114
Granny,gmorseyml@symantec.com,Agender,3244662223
Cymbre,cthodymm@ihg.com,Male,8419758474
Davie,demmittmn@comcast.net,Agender,5397219693
Fayina,fguinanemo@stumbleupon.com,Bigender,4551421819
Joshua,jgabbatmp@umn.edu,Genderqueer,7181283951
Jo,jfavellemq@zimbio.com,Bigender,1257379246
Padriac,pbellermr@reverbnation.com,Male,1081008784
Emmalyn,eporteousms@wordpress.com,Bigender,3559273986
Burnaby,bhanselmt@youku.com,Non-binary,2325812527
Nerissa,nsaltsbergermu@surveymonkey.com,Genderqueer,2752215290
Lenard,lashcroftmv@narod.ru,Agender,6159966716
Boy,bphillputmw@free.fr,Polygender,2105705647
Mimi,mpadleymx@cyberchimps.com,Bigender,3538780432
Hebert,hgrissmy@walmart.com,Bigender,8601374436
Sebastian,scomportmz@shareasale.com,Genderfluid,5601899970
Erma,eheadechn0@merriam-webster.com,Non-binary,3596937289
Jaymie,jwildesn1@nationalgeographic.com,Agender,5236462612
Cornie,crappoportn2@oracle.com,Genderfluid,8435802074
Reinhard,rcraggn3@bandcamp.com,Genderqueer,7537247953
Sim,smaplen4@gov.uk,Male,6765044621
Lizabeth,lfischern5@a8.net,Non-binary,1347475522
Huntley,hblockwelln6@ucoz.ru,Female,6948751707
Clarissa,cputsonn7@geocities.jp,Genderfluid,1525828586
Alessandro,atitheridgen8@who.int,Agender,3174713237
Norry,nwittsn9@wp.com,Female,2331518972
Skylar,sjoskovitchna@odnoklassniki.ru,Bigender,2338576102
Katha,kdunlopnb@indiegogo.com,Polygender,9353999521
Nicolas,nskillingtonnc@mit.edu,Female,5405009110
Anallise,asprowlesnd@google.ru,Agender,2098811387
Roderigo,rsolleyne@privacy.gov.au,Genderfluid,7505696661
Stanislas,sgernernf@taobao.com,Agender,7046963731
Janifer,jabrahamsng@bbc.co.uk,Bigender,4957405166
Matilde,mgadienh@opera.com,Male,4082407966
Rheba,rmcauliffeni@rediff.com,Polygender,5083423043
Onfre,ogrundwaternj@toplist.cz,Agender,2903709234
Michaella,mmccaughannk@cocolog-nifty.com,Genderqueer,6032397370
Cobby,csmallpiecenl@cbsnews.com,Male,8176139140
Wendie,wpolonnm@studiopress.com,Female,4093033544
Cristy,cronaldsonnn@amazon.com,Female,9189764162
Josefa,jabyssno@wufoo.com,Male,5522744578
Estrellita,epargeternp@yandex.ru,Female,6839958136
Samantha,sdeinhardtnq@twitter.com,Genderqueer,4899796989
Romona,rlamckennr@networkadvertising.org,Non-binary,3296315659
Anthe,adozdillns@ox.ac.uk,Non-binary,2927750656
Gannon,ggainforthnt@msu.edu,Male,2544629758
Stafani,sbonseynu@free.fr,Genderfluid,1823121802
Guss,gstackbridgenv@google.com.au,Genderfluid,1564191040
Sauncho,skunznw@bandcamp.com,Polygender,6618374082
Esta,einstrellnx@cmu.edu,Genderqueer,9752884333
Berna,bcocktonny@nytimes.com,Genderqueer,1125355822
Robena,rdanihelkanz@sourceforge.net,Female,2407063630
Arlen,adecourtneyo0@samsung.com,Agender,9534019592
Brewster,bdallao1@slate.com,Bigender,5452977690
Wolfie,wjonino2@plala.or.jp,Bigender,3624319041
Alonso,acolebyo3@ning.com,Non-binary,7629904536
Hieronymus,heagero4@php.net,Bigender,8042042340
Danna,drigmondo5@miitbeian.gov.cn,Bigender,8962813098
Arri,aharpo6@baidu.com,Genderqueer,4541204506
Starla,sgovenlocko7@nationalgeographic.com,Genderqueer,4325980167
Merl,malgero8@over-blog.com,Bigender,9283902211
Adria,adealyo9@ocn.ne.jp,Male,8547684998
Elianore,egoldoa@squarespace.com,Genderfluid,1264314686
Tom,tgianuzziob@webnode.com,Genderqueer,6212526023
Mikol,maizikovitzoc@meetup.com,Female,6525288808
Ange,adudingod@ifeng.com,Male,6696402174
Bronny,bsmallridgeoe@geocities.jp,Female,5122828585
Hayes,hstockingof@taobao.com,Genderqueer,5427391484
Jonathan,jhemberyog@a8.net,Female,2521746414
Zaria,zpeasbyoh@unicef.org,Bigender,9071042477
Dominik,dgreyesoi@nasa.gov,Genderqueer,5194545307
Sinclare,scantwelloj@multiply.com,Male,5766985154
Alexis,astockok@free.fr,Polygender,8288765603
Cheri,cbengoughol@arizona.edu,Bigender,8855910838
Spence,smorrelom@eventbrite.com,Genderfluid,5565826375
Ally,aranscombon@barnesandnoble.com,Male,6371165275
Pietrek,pdebenedittioo@dailymotion.com,Bigender,8369199172
Kathie,kconnopop@narod.ru,Non-binary,5534960691
Richmound,rarlowoq@zimbio.com,Female,2533090408
Janel,jscarrottor@berkeley.edu,Bigender,4188533620
Conrad,cbaxteros@ftc.gov,Genderqueer,1096188861
Brendis,bgentreauot@imageshack.us,Agender,2399053807
Hillery,hbarabichou@reuters.com,Genderqueer,3302326726
Fanni,fdunnanov@arizona.edu,Agender,4057096773
Channa,cheadrickow@cnn.com,Male,8993323870
Ernestine,elemmertzox@devhub.com,Genderqueer,8576601274
Row,rtomesoy@epa.gov,Bigender,1582483734
Tripp,tshufflebothamoz@furl.net,Non-binary,3473278440
Kala,krodwayp0@nba.com,Genderfluid,2425369142
Reynold,rogdahlp1@npr.org,Female,9383688714
Tammy,tkennlerp2@senate.gov,Genderfluid,8731747508
Dugald,dcoppenp3@reference.com,Non-binary,1711976292
Betsy,bnairyp4@mapquest.com,Bigender,4657468014
Emmie,ecubbinop5@gmpg.org,Agender,7876335256
Lula,ldematteip6@google.ca,Agender,4078494000
Durante,dveschambesp7@people.com.cn,Female,6896687013
Starlene,sjesticop8@1und1.de,Polygender,8855364948
Kristina,kvalenssmithp9@dailymail.co.uk,Agender,9095600845
Virginie,vcuellpa@taobao.com,Agender,7522737082
Cilka,cobrienpb@techcrunch.com,Polygender,2815722269
Carny,csnellerpc@mapquest.com,Genderfluid,5258991288
Cynthie,chigfordpd@sogou.com,Agender,7026709382
Carmel,ccardope@nyu.edu,Genderqueer,5907526543
Blake,bwadlowpf@nature.com,Polygender,4575430993
Vikky,vfrancinopg@addthis.com,Genderfluid,6126773906
Odella,owauchopeph@pbs.org,Male,2093175936
Valida,vcastanerpi@devhub.com,Non-binary,6025066328
Eldin,eaberkirderpj@sfgate.com,Genderfluid,8937601719
Starr,scarrettpk@is.gd,Polygender,3072235053
Bartlett,bjackepl@cargocollective.com,Female,5046396973
Ophelie,ohassewellpm@edublogs.org,Female,4512243537
Meggie,mbotepn@photobucket.com,Bigender,3663815053
Lucita,lkeuntjepo@live.com,Female,1447795016
Fan,fpenellipp@icq.com,Genderqueer,2198894750
Elwin,eargravepq@bravesites.com,Non-binary,1133095537
Reine,rshowenpr@ted.com,Male,3038743401
Antonella,asollnerps@oracle.com,Polygender,2167745837
Laughton,ltejeropt@unicef.org,Genderfluid,4487881620
Sutherlan,sknokpu@godaddy.com,Polygender,5674898153
Bertine,bwooddissepv@hibu.com,Genderqueer,3259177553
Mira,mmaulinpw@narod.ru,Male,2878666444
Sigfried,sheisterpx@wp.com,Male,6565900927
Chancey,cbithanypy@nydailynews.com,Agender,1036182033
Timothy,tlandespz@vk.com,Non-binary,4563526915
Robbin,rmorrishq0@istockphoto.com,Genderqueer,4891497999
Shelia,sgrangeq1@github.io,Female,6669189933
Palm,pdohrmannq2@ted.com,Polygender,9634825992
Dosi,dballachq3@newsvine.com,Agender,4449529379
Riley,rblundanq4@networkadvertising.org,Genderqueer,4748135218
Gonzalo,gbarffq5@abc.net.au,Genderfluid,3164409050
Janna,jmoremanq6@walmart.com,Genderfluid,4002598306
Delmore,dcarlensq7@example.com,Male,1138466703
Korry,kgerrellq8@google.co.uk,Genderqueer,4131292066
Luz,lcassamq9@cbsnews.com,Genderqueer,1867666722
Christie,cbromigeqa@flickr.com,Male,4709846975
Lind,lbraunleinqb@disqus.com,Female,8968575503
Mitchael,mgiraldezqc@fastcompany.com,Polygender,8102105935
Alair,alettsqd@youtube.com,Bigender,4652421944
Antoine,astannasqe@is.gd,Genderqueer,4045087891
Keriann,kjanzenqf@nih.gov,Male,2246778615
Aldus,acardozoqg@histats.com,Male,9305205738
Hannis,hgraysmarkqh@disqus.com,Agender,7142543175
Petrina,ppardonqi@mysql.com,Female,4615058473
Stormie,sbertelsenqj@go.com,Male,2954010081
Udell,uphetteplaceqk@weibo.com,Genderfluid,7161273799
Benjy,breamesql@technorati.com,Non-binary,6075635245
Latashia,laldrittqm@seesaa.net,Genderfluid,7415551592
Regan,rallottqn@topsy.com,Male,9455571012
Bird,baseeqo@arizona.edu,Genderfluid,8788794024
Elyse,eslessarqp@devhub.com,Agender,5345195956
Nomi,ngoodramqq@twitter.com,Male,9947970684
Les,lrobathonqr@businesswire.com,Male,1724613162
Roch,rdekeyserqs@homestead.com,Bigender,2188934925
Brittney,bbeeversqt@nationalgeographic.com,Bigender,5736383875
Derby,dmccloudqu@marriott.com,Genderfluid,6929894254
Moe,mjenkinqv@tmall.com,Genderqueer,5611019564
Derby,doculliganqw@cam.ac.uk,Female,7004980227
Wood,wwhistonqx@hexun.com,Male,8425330384
Mitchel,mtuleyqy@seattletimes.com,Male,5364331777
Marney,mbrazerqz@soup.io,Polygender,9556042992
Stanley,sschelligr0@scribd.com,Genderqueer,8507538866
Harlene,hdarellr1@nature.com,Male,9576570165
Gonzalo,gbriscoer2@flickr.com,Non-binary,5347294262
Erminie,esauntonr3@umn.edu,Bigender,5098577199
Marita,mruprechtr4@taobao.com,Bigender,9392556193
Bobbie,bsherwynr5@hibu.com,Male,6696550829
Nilson,nstidstonr6@topsy.com,Bigender,2445048843
Bobinette,brobilartr7@mayoclinic.com,Genderqueer,8075628320
Trever,tmcgreadyr8@time.com,Bigender,2324016930
Barnie,bplumrideger9@paypal.com,Male,8401526796
Haley,hdingsdalera@netvibes.com,Female,7053822923
Nicolis,nkalinovichrb@accuweather.com,Genderqueer,2951389341
Radcliffe,rtallquistrc@bravesites.com,Agender,1828939335
Starlin,slandallrd@ebay.com,Male,2836892073
Selene,syokelmanre@is.gd,Non-binary,8355628452
Northrop,nmanifieldrf@sciencedaily.com,Agender,8292946921
Dela,ddalemanrg@imgur.com,Genderfluid,4135255626
Celestyna,caingellrh@bluehost.com,Non-binary,7298375292
Wendi,wcraceri@uol.com.br,Polygender,8579734146
Terrijo,tclaigerj@php.net,Genderqueer,1259032776
Gaylord,grigneyrk@artisteer.com,Female,3339564818
Kesley,kbraunlerl@berkeley.edu,Non-binary,1028836064
Benton,bswaffieldrm@woothemes.com,Genderfluid,2739434927
Rhett,rlyesrn@csmonitor.com,Genderqueer,7533965241
Christoph,ctrahmelro@oaic.gov.au,Genderfluid,8997160333
Tommy,trustanrp@live.com,Non-binary,7731768530
Dimitry,djacmardrq@arizona.edu,Genderqueer,4811004670
Eleonora,edorrerr@goodreads.com,Polygender,2458665876
